<?xml version="1.0" encoding="UTF-8"?>
<!DOCTYPE mapper PUBLIC "-//mybatis.org//DTD Mapper 3.0//EN" 
"http://mybatis.org/dtd/mybatis-3-mapper.dtd">

<mapper namespace="com.ja.freeboard.mapper.BoardSQLMapper">
	
	<!-- id : 메소드 명 -->
	<insert id="insert">
	<![CDATA[
		INSERT INTO FB_Board VALUES(
		FB_Board_seq.nextval,
		#{member_no},
		#{board_title},
		#{board_content},
		0,
		SYSDATE
		)
	]]>
	</insert>	

	<select id="selectByNo" resultType="com.ja.freeboard.vo.BoardVo">
	<![CDATA[
		SELECT * FROM FB_Board WHERE board_no = #{no}
	]]>	
	</select>

	<select id="selectAll" resultType="com.ja.freeboard.vo.BoardVo">
	<![CDATA[
		SELECT * FROM FB_Board ORDER BY board_no DESC
	]]>	
	</select>

	<delete id="deleteByNo">
	<![CDATA[
		DELETE FROM FB_Board WHERE board_no = #{no}
	]]>	
	</delete>

	<update id="update">
	<![CDATA[
		UPDATE FB_Board 
		SET 
			board_title = #{board_title} ,
			board_content = #{board_content}
		WHERE
			board_no = #{board_no} 
		
	]]>
	</update>

	<update id="updateReadCount">
		UPDATE FB_board 
		SET board_readcount = board_readcount+1
		WHERE board_no = #{no} 
	</update>


</mapper>






